{
  "TCD": { "score": 11344.80120867703 },
  "THNDR": { "score": 5684.011464804339 },
  "SARK": { "score": 10363.670969379054 },
  "WBT": { "score": 8485.716947128416 },
  "KIRB": { "score": 20819.56578556382 },
  "IQB7": { "score": 18348.82880296763 },
  "EZ": { "score": 12206.866290067686 },
  "HOVER": { "score": 2572.862219705699 },
  "EAGLE": { "score": 4191.220176841613 },
  "BHO": { "score": 4994.590532263755 },
  "PRIME": { "score": 8691.536179067547 },
  "ASITL": { "score": 6730.766427354038 },
  "YAHO": { "score": 3397.0120104095417 },
  "\u00d1": { "score": 27653.261185788306 },
  "SMD": { "score": 1766.9091491872507 },
  "AUF": { "score": 7586.820183973504 },
  "USSR": { "score": 18988.45186637187 },
  "DL": { "score": 11912.058800390321 },
  "FOWL": { "score": 3267.5846761323055 },
  "JM": { "score": 1761.7468421487727 },
  "TRIGO": { "score": 1674.4463748153187 },
  "RF": { "score": 10354.60926914712 },
  "HOLA": { "score": 10192.210587863085 },
  "VDL": { "score": 5944.57397379304 },
  "ZEL": { "score": 4244.019182586907 },
  "400": { "score": 1452.8754090590724 },
  "SOS": { "score": 9849.777787296658 },
  "ASTIL": { "score": 1355.682647719424 },
  "MHC": { "score": 21031.264239983255 },
  "103": { "score": 2353.848122352092 },
  "DTC": { "score": 6294.766494602362 },
  "WOKE": { "score": 1379.1897550983579 },
  "SCBA": { "score": 4707.833164882835 },
  "WAWA": { "score": 1955.258045434884 },
  "FAZE": { "score": 1341.4119047882268 },
  "MOOSE": { "score": 2553.453678082053 },
  "ARMED": { "score": 3587.059107007896 },
  "SPQR": { "score": 6822.270131057086 },
  "QOG": { "score": 4987.206620584498 },
  "MEALY": { "score": 8452.483295699107 },
  "FLEUR": { "score": 4474.401456837624 },
  "MTM": { "score": 7656.402066596927 },
  "MYS": { "score": 4895.214180317173 },
  "ROAR": { "score": 3787.1252640397256 },
  "!MUTE": { "score": 2775.706425309896 },
  "FNTN": { "score": 2041.8249967810737 },
  "JELLO": { "score": 3023.4225475727385 },
  "MAFE": { "score": 5875.5027739021025 },
  "BWC": { "score": 1567.0064154695485 },
  "FRIKI": { "score": 2120.1061719674894 },
  "TQG": { "score": 1914.0861260743707 },
  "OHIO": { "score": 738.0224559385113 },
  "DLE": { "score": 709.840233144758 },
  "JUICE": { "score": 6497.333287992945 },
  "SSSS": { "score": 1987.769998541208 },
  "FISHE": { "score": 5415.774641546224 },
  "GUI": { "score": 1573.5918002814394 },
  "SVO": { "score": 1630.3845958267925 },
  "TEAMJ": { "score": 1437.4864929684222 },
  "1319": { "score": 3475.3525792008345 },
  "MEOW": { "score": 3390.2426498123436 },
  "BLKHL": { "score": 7691.639718650972 },
  "SIGMA": { "score": 1430.8633816252811 },
  "DIVA": { "score": 506.9905623991676 },
  "BUDDY": { "score": 8609.418331504532 },
  "NULL": { "score": 2499.562378899309 },
  "TOOL": { "score": 487.80484246809556 },
  "ZOBRO": { "score": 2559.124500002138 },
  "BK": { "score": 978.0674985501381 },
  "KFC": { "score": 2071.952275309981 },
  "S9": { "score": 1195.3265011448311 },
  "GOATS": { "score": 1113.8966419765684 },
  "20ER": { "score": 1700.6667756851443 },
  "4SKN": { "score": 1682.9002984523668 },
  "VALET": { "score": 900.0001781239813 },
  "UFFF": { "score": 1144.9096738599428 },
  "DV": { "score": 868.1997327334984 },
  "MMN": { "score": 911.1039220161477 },
  "NFLD": { "score": 767.0992825938844 },
  "RR": { "score": 4016.9205670795513 },
  "TRC": { "score": 2917.507727157212 },
  "CNDL": { "score": 2689.4635834958 },
  "KCK": { "score": 1512.9188913849375 },
  "FUBAO": { "score": 2051.290732241492 },
  "QUACK": { "score": 694.7909405189924 },
  "SKWAD": { "score": 799.6680760188369 },
  "LOOT": { "score": 1082.568423493239 },
  "NBJ": { "score": 654.1167824460614 },
  "BETON": { "score": 1723.2553183107466 },
  "E": { "score": 2325.1126672247206 },
  "24HS": { "score": 1816.259777963128 },
  "42": { "score": 585.0933278301484 },
  "ASTRO": { "score": 574.7939420843403 },
  "DAMN!": { "score": 1517.3294233979718 },
  "CSH": { "score": 564.9035440889995 },
  "GDNL": { "score": 1955.2564042768006 },
  "ATESH": { "score": 555.9644949022764 },
  "EMO": { "score": 884.3402543328829 },
  "V2": { "score": 820.8919889819722 },
  "VIDIN": { "score": 610.6395336621364 },
  "IH82P": { "score": 2476.7018266427012 },
  "GHOST": { "score": 625.6394766131294 },
  "JORB": { "score": 628.2732065754196 },
  "FRTAS": { "score": 402.2899247584522 },
  "LOST": { "score": 400.2738254935234 },
  "RHCN": { "score": 396.7128093736061 },
  "GLUKE": { "score": 498.43475479676965 },
  "GEGE": { "score": 389.67909715568305 },
  "ZAZA": { "score": 907.3096247742499 },
  "MONKE": { "score": 368.96142206299066 },
  "TRZ": { "score": 966.1441808743942 },
  "PNGS": { "score": 482.794710050384 },
  "GURDY": { "score": 860.45323490797 },
  "TRM": { "score": 584.6636198792902 },
  "G": { "score": 515.7182201053436 },
  "POSTY": { "score": 957.8531770245313 },
  "PROX": { "score": 507.19009169365444 },
  "BBS": { "score": 665.5467238643972 },
  "LOLER": { "score": 497.4880077422347 },
  "SALAA": { "score": 1037.9443953871717 },
  "HTT": { "score": 711.9389096610918 },
  "LZ": { "score": 313.0123545940636 },
  "ID": { "score": 588.3514356843118 },
  "EDGE": { "score": 535.5425661926427 },
  "MEDAL": { "score": 1319.615158261886 },
  "GD": { "score": 904.3996212839455 },
  "ETB": { "score": 640.5894498462318 },
  "FULEX": { "score": 1187.214176682918 },
  "MLCC": { "score": 279.93828817009444 },
  "YAGA": { "score": 615.1975967860113 },
  "TCC": { "score": 380.88997559274986 },
  "MIKU": { "score": 273.8436835077371 },
  "RIOT": { "score": 547.6873670154743 },
  "CSLG": { "score": 265.9794818308093 },
  "MOB": { "score": 629.8550512343807 },
  "JFREE": { "score": 379.03237191292374 },
  "FELLAS": { "score": 563.441211137973 },
  "SILLY": { "score": 239.1853001815558 },
  "HUFS": { "score": 340.8067503649307 },
  "EDM": { "score": 616.5125303686592 },
  "99": { "score": 1212.4812206081933 },
  "SQWR": { "score": 422.2178588482026 },
  "SDT": { "score": 224.77065277818295 },
  "JUST": { "score": 739.4253985389196 },
  "SWMG": { "score": 328.32077759933793 },
  "CLOY": { "score": 330.2582089824399 },
  "LIMBO": { "score": 202.4115294962284 },
  "SLSI": { "score": 500.19738387475263 },
  "WCL": { "score": 402.3017047563967 },
  "BENZO": { "score": 385.5345020785004 },
  "CG": { "score": 279.1972168160702 },
  "SCOOB": { "score": 371.8383179163831 },
  "KEBAP": { "score": 473.8638522136198 },
  "TARAN": { "score": 248.39099834698285 },
  "S84": { "score": 232.65045918714617 },
  "SPONG": { "score": 621.8631926227285 },
  "SLH": { "score": 216.5591354636033 },
  "NAPL": { "score": 208.01622591633733 },
  "DERG": { "score": 346.6029509034071 },
  "MAFIA": { "score": 252.07100791579154 },
  "KBLCH": { "score": 175.78315856278533 },
  "SWSQ": { "score": 304.4360742456114 },
  "MORGZ": { "score": 407.8101229870315 },
  "SLATT": { "score": 193.83131622216425 },
  "DTKR": { "score": 193.83131622216425 },
  "LNB": { "score": 162.76936382150677 },
  "EDG": { "score": 162.16325950362582 },
  "MC": { "score": 160.54969939634748 },
  "CLAXX": { "score": 147.2672023601233 },
  "GMD": { "score": 121.81376820146666 },
  "WEED": { "score": 118.6354215138656 },
  "FIO": { "score": 118.6354215138656 },
  "IGKMS": { "score": 115.62505706125441 },
  "PGDG": { "score": 231.25011412250885 },
  "BSZG": { "score": 115.62505706125441 },
  "GDG": { "score": 115.62505706125441 },
  "ORCGD": { "score": 112.77379663302689 },
  "GARDEN": { "score": 112.77379663302689 },
  "TT": { "score": 105.09274837854053 },
  "TS": { "score": 101.6967261461538 },
  "MFC": { "score": 117.35457430570277 },
  "SLDN": { "score": 162.84185008357892 },
  "TSC": { "score": 86.90171640917072 },
  "CIGAN": { "score": 86.2260820013116 },
  "PILZ": { "score": 104.62466097445783 },
  "AZRIG": { "score": 83.69972877956626 },
  "DP": { "score": 104.62466097445783 },
  "PXGD": { "score": 104.62466097445783 },
  "AW": { "score": 104.62466097445783 },