{
  "TCD": { "score": 7211.765495028364, "position": 1 },
  "THNDR": { "score": 5065.229713626399, "position": 6 },
  "SARK": { "score": 5213.064091750254, "position": 4 },
  "WBT": { "score": 5696.903359562367, "position": 3 },
  "KIRB": { "score": 5197.282439642084, "position": 5 },
  "IQB7": { "score": 5801.320697086452, "position": 2 },
  "EZ": { "score": 4032.5807163839227, "position": 9 },
  "HOVER": { "score": 2572.862219705699, "position": 21 },
  "EAGLE": { "score": 2958.201458381218, "position": 17 },
  "BHO": { "score": 3231.3419231989633, "position": 14 },
  "PRIME": { "score": 3098.2423519128606, "position": 15 },
  "ASITL": { "score": 2724.9962192106304, "position": 18 },
  "YAHO": { "score": 2117.169330335091, "position": 24 },
  "\u00d1": { "score": 3810.633532315126, "position": 10 },
  "SMD": { "score": 1766.9091491872505, "position": 34 },
  "AUF": { "score": 2971.5451031851867, "position": 16 },
  "USSR": { "score": 4538.484625554989, "position": 7 },
  "DL": { "score": 3597.113590285206, "position": 12 },
  "FOWL": { "score": 2021.928452378341, "position": 27 },
  "JM": { "score": 1644.7169433977476, "position": 38 },
  "TRIGO": { "score": 1598.1738302057033, "position": 39 },
  "RF": { "score": 4234.760002289018, "position": 8 },
  "HOLA": { "score": 3514.431433101981, "position": 13 },
  "VDL": { "score": 2715.7763745992625, "position": 19 },
  "ZEL": { "score": 1799.5713038194879, "position": 33 },
  "400": { "score": 1452.8754090590724, "position": 42 },
  "SOS": { "score": 2568.75781806276, "position": 22 },
  "ASTIL": { "score": 1355.682647719424, "position": 45 },
  "MHC": { "score": 3708.0889404413833, "position": 11 },
  "103": { "score": 1390.3473058251159, "position": 43 },
  "DTC": { "score": 2692.216546032791, "position": 20 },
  "WOKE": { "score": 1279.2903998863007, "position": 46 },
  "SCBA": { "score": 1765.7018891026441, "position": 35 },
  "WAWA": { "score": 1374.4145858442596, "position": 44 },
  "FAZE": { "score": 1221.2409928206364, "position": 48 },
  "MOOSE": { "score": 1174.3312526382897, "position": 50 },
  "ARMED": { "score": 1186.2824265763443, "position": 49 },
  "SPQR": { "score": 2298.6029849540414, "position": 23 },
  "QOG": { "score": 1763.2985788966666, "position": 36 },
  "MEALY": { "score": 1915.1981812445713, "position": 28 },
  "FLEUR": { "score": 1799.6138953459965, "position": 32 },
  "MTM": { "score": 2079.7112864468477, "position": 25 },
  "MYS": { "score": 1270.6841627977399, "position": 47 },
  "ROAR": { "score": 1517.5699692152205, "position": 40 },
  "!MUTE": { "score": 1066.4141398596394, "position": 55 },
  "FNTN": { "score": 877.9636239280608, "position": 58 },
  "JELLO": { "score": 1493.6179072817238, "position": 41 },
  "MAFE": { "score": 1914.0447544067908, "position": 29 },
  "BWC": { "score": 783.5032077347744, "position": 61 },
  "FRIKI": { "score": 810.5070125929842, "position": 60 },
  "TQG": { "score": 811.6578907566828, "position": 59 },
  "OHIO": { "score": 738.0224559385113, "position": 65 },
  "DLE": { "score": 709.840233144758, "position": 67 },
  "JUICE": { "score": 1894.842201939797, "position": 30 },
  "SSSS": { "score": 1127.4482183102848, "position": 53 },
  "FISHE": { "score": 1827.5495848320866, "position": 31 },
  "GUI": { "score": 691.933277321573, "position": 68 },
  "SVO": { "score": 754.2164826449184, "position": 63 },
  "TEAMJ": { "score": 550.9929317882827, "position": 80 },
  "1319": { "score": 760.4384039504798, "position": 62 },
  "MEOW": { "score": 1141.2163617667482, "position": 51 },
  "BLKHL": { "score": 1720.0511727367393, "position": 37 },
  "SIGMA": { "score": 593.2659257605405, "position": 74 },
  "DIVA": { "score": 506.9905623991676, "position": 83 },
  "BUDDY": { "score": 2070.5952598885883, "position": 26 },
  "NULL": { "score": 1130.0849013881882, "position": 52 },
  "TOOL": { "score": 487.8048424680956, "position": 84 },
  "ZOBRO": { "score": 968.3661201054363, "position": 57 },
  "BK": { "score": 588.4449312998481, "position": 76 },
  "KFC": { "score": 1095.7804775501363, "position": 54 },
  "S9": { "score": 475.4570533380069, "position": 85 },
  "GOATS": { "score": 589.9731653920132, "position": 75 },
  "20ER": { "score": 555.9213437725214, "position": 79 },
  "4SKN": { "score": 557.2566717988665, "position": 78 },
  "VALET": { "score": 450.0000890619906, "position": 86 },
  "UFFF": { "score": 572.4548369299714, "position": 77 },
  "DV": { "score": 414.9158593646046, "position": 88 },
  "MMN": { "score": 386.3224322706741, "position": 90 },
  "NFLD": { "score": 383.5496412969422, "position": 91 },
  "RR": { "score": 993.4993037378289, "position": 56 },
  "TRC": { "score": 740.9558650951517, "position": 64 },
  "CNDL": { "score": 660.8656986493276, "position": 69 },
  "KCK": { "score": 400.168378801513, "position": 89 },
  "FUBAO": { "score": 630.179889708385, "position": 71 },
  "QUACK": { "score": 347.39547025949616, "position": 96 },
  "SKWAD": { "score": 269.7790317450168, "position": 110 },
  "LOOT": { "score": 449.3238155131293, "position": 87 },
  "NBJ": { "score": 327.0583912230307, "position": 97 },
  "BETON": { "score": 617.324255150898, "position": 72 },
  "E": { "score": 614.1012682663885, "position": 73 },
  "24HS": { "score": 715.9543248065969, "position": 66 },
  "42": { "score": 292.54666391507413, "position": 103 },
  "ASTRO": { "score": 287.3969710421701, "position": 104 },
  "DAMN!": { "score": 517.5350558469991, "position": 82 },
  "CSH": { "score": 282.45177204449976, "position": 105 },
  "GDNL": { "score": 648.6985783627385, "position": 70 },
  "ATESH": { "score": 277.98224745113816, "position": 107 },
  "EMO": { "score": 358.4755008691991, "position": 93 },
  "V2": { "score": 320.7466673200184, "position": 98 },
  "VIDIN": { "score": 274.0273991434899, "position": 108 },
  "IH82P": { "score": 520.4984181415791, "position": 81 },
  "GHOST": { "score": 208.54649220437648, "position": 121 },
  "JORB": { "score": 215.1308101408461, "position": 115 },
  "FRTAS": { "score": 201.14496237922606, "position": 123 },
  "LOST": { "score": 200.1369127467617, "position": 124 },
  "RHCN": { "score": 198.35640468680305, "position": 125 },
  "GLUKE": { "score": 217.82997910604752, "position": 114 },
  "GEGE": { "score": 194.8395485778415, "position": 126 },
  "ZAZA": { "score": 356.48202727380743, "position": 94 },
  "MONKE": { "score": 184.48071103149533, "position": 128 },
  "TRZ": { "score": 373.07666933249806, "position": 92 },
  "PNGS": { "score": 211.73849964672564, "position": 118 },
  "GURDY": { "score": 347.4352657127483, "position": 95 },
  "TRM": { "score": 254.63602571575336, "position": 111 },
  "G": { "score": 171.90607336844784, "position": 130 },
  "POSTY": { "score": 279.0112553689002, "position": 106 },
  "PROX": { "score": 169.0633638978848, "position": 131 },
  "BBS": { "score": 167.50719527627888, "position": 132 },
  "LOLER": { "score": 165.82933591407823, "position": 133 },
  "SALAA": { "score": 318.62877439232864, "position": 99 },
  "HTT": { "score": 239.9322873264309, "position": 113 },
  "LZ": { "score": 156.5061772970318, "position": 136 },
  "ID": { "score": 181.88209727123748, "position": 129 },
  "EDGE": { "score": 150.41224436506513, "position": 137 },
  "MEDAL": { "score": 298.6938659355212, "position": 101 },
  "GD": { "score": 253.32016749332615, "position": 112 },
  "ETB": { "score": 213.52981661541057, "position": 116 },
  "FULEX": { "score": 312.5440040007304, "position": 100 },
  "MLCC": { "score": 139.96914408504722, "position": 139 },
  "YAGA": { "score": 212.74811463150257, "position": 117 },
  "TCC": { "score": 138.13265730914608, "position": 141 },
  "MIKU": { "score": 136.92184175386856, "position": 142 },
  "RIOT": { "score": 136.92184175386856, "position": 142 },
  "CSLG": { "score": 132.98974091540464, "position": 144 },
  "MOB": { "score": 209.9516837447935, "position": 120 },
  "JFREE": { "score": 126.34412397097458, "position": 146 },
  "FELLAS": { "score": 187.81373704599102,