{
  "TCD": { "score": 11344.80120867703, "position": 8 },
  "THNDR": { "score": 5684.011464804339, "position": 26 },
  "SARK": { "score": 10363.670969379054, "position": 9 },
  "WBT": { "score": 8485.716947128416, "position": 15 },
  "KIRB": { "score": 20819.56578556382, "position": 3 },
  "IQB7": { "score": 18348.82880296763, "position": 5 },
  "EZ": { "score": 12206.866290067686, "position": 6 },
  "HOVER": { "score": 2572.862219705699, "position": 46 },
  "EAGLE": { "score": 4191.220176841613, "position": 34 },
  "BHO": { "score": 4994.590532263755, "position": 28 },
  "PRIME": { "score": 8691.536179067547, "position": 13 },
  "ASITL": { "score": 6730.766427354038, "position": 21 },
  "YAHO": { "score": 3397.0120104095417, "position": 39 },
  "\u00d1": { "score": 27653.261185788306, "position": 1 },
  "SMD": { "score": 1766.9091491872507, "position": 62 },
  "AUF": { "score": 7586.820183973504, "position": 19 },
  "USSR": { "score": 18988.45186637187, "position": 4 },
  "DL": { "score": 11912.058800390321, "position": 7 },
  "FOWL": { "score": 3267.5846761323055, "position": 41 },
  "JM": { "score": 1761.7468421487727, "position": 63 },
  "TRIGO": { "score": 1674.4463748153187, "position": 67 },
  "RF": { "score": 10354.60926914712, "position": 10 },
  "HOLA": { "score": 10192.210587863085, "position": 11 },
  "VDL": { "score": 5944.57397379304, "position": 24 },
  "ZEL": { "score": 4244.019182586907, "position": 33 },
  "400": { "score": 1452.8754090590724, "position": 73 },
  "SOS": { "score": 9849.777787296658, "position": 12 },
  "ASTIL": { "score": 1355.682647719424, "position": 77 },
  "MHC": { "score": 21031.264239983255, "position": 2 },
  "103": { "score": 2353.848122352092, "position": 51 },
  "DTC": { "score": 6294.766494602362, "position": 23 },
  "WOKE": { "score": 1379.1897550983579, "position": 76 },
  "SCBA": { "score": 4707.833164882835, "position": 31 },
  "WAWA": { "score": 1955.258045434884, "position": 58 },
  "FAZE": { "score": 1341.4119047882268, "position": 78 },
  "MOOSE": { "score": 2553.453678082053, "position": 48 },
  "ARMED": { "score": 3587.059107007896, "position": 37 },
  "SPQR": { "score": 6822.270131057086, "position": 20 },
  "QOG": { "score": 4987.206620584498, "position": 29 },
  "MEALY": { "score": 8452.483295699107, "position": 16 },
  "FLEUR": { "score": 4474.401456837624, "position": 32 },
  "MTM": { "score": 7656.402066596927, "position": 18 },
  "MYS": { "score": 4895.214180317173, "position": 30 },
  "ROAR": { "score": 3787.1252640397256, "position": 36 },
  "!MUTE": { "score": 2775.706425309896, "position": 44 },
  "FNTN": { "score": 2041.8249967810737, "position": 56 },
  "JELLO": { "score": 3023.4225475727385, "position": 42 },
  "MAFE": { "score": 5875.5027739021025, "position": 25 },
  "BWC": { "score": 1567.0064154695485, "position": 70 },
  "FRIKI": { "score": 2120.1061719674894, "position": 53 },
  "TQG": { "score": 1914.0861260743707, "position": 60 },
  "OHIO": { "score": 738.0224559385113, "position": 101 },
  "DLE": { "score": 709.840233144758, "position": 103 },
  "JUICE": { "score": 6497.333287992945, "position": 22 },
  "SSSS": { "score": 1987.769998541208, "position": 57 },
  "FISHE": { "score": 5415.774641546224, "position": 27 },
  "GUI": { "score": 1573.5918002814394, "position": 69 },
  "SVO": { "score": 1630.3845958267925, "position": 68 },
  "TEAMJ": { "score": 1437.4864929684222, "position": 74 },
  "1319": { "score": 3475.3525792008345, "position": 38 },
  "MEOW": { "score": 3390.2426498123436, "position": 40 },
  "BLKHL": { "score": 7691.639718650972, "position": 17 },
  "SIGMA": { "score": 1430.8633816252811, "position": 75 },
  "DIVA": { "score": 506.9905623991676, "position": 126 },
  "BUDDY": { "score": 8609.418331504532, "position": 14 },
  "NULL": { "score": 2499.562378899309, "position": 49 },
  "TOOL": { "score": 487.80484246809556, "position": 130 },
  "ZOBRO": { "score": 2559.124500002138, "position": 47 },
  "BK": { "score": 978.0674985501381, "position": 87 },
  "KFC": { "score": 2071.952275309981, "position": 54 },
  "S9": { "score": 1195.3265011448311, "position": 81 },
  "GOATS": { "score": 1113.8966419765684, "position": 84 },
  "20ER": { "score": 1700.6667756851443, "position": 65 },
  "4SKN": { "score": 1682.9002984523668, "position": 66 },
  "VALET": { "score": 900.0001781239813, "position": 93 },
  "UFFF": { "score": 1144.9096738599428, "position": 83 },
  "DV": { "score": 868.1997327334984, "position": 95 },
  "MMN": { "score": 911.1039220161477, "position": 90 },
  "NFLD": { "score": 767.0992825938844, "position": 99 },
  "RR": { "score": 4016.9205670795513, "position": 35 },
  "TRC": { "score": 2917.507727157212, "position": 43 },
  "CNDL": { "score": 2689.4635834958, "position": 45 },
  "KCK": { "score": 1512.9188913849375, "position": 72 },
  "FUBAO": { "score": 2051.290732241492, "position": 55 },
  "QUACK": { "score": 694.7909405189924, "position": 104 },
  "SKWAD": { "score": 799.6680760188369, "position": 98 },
  "LOOT": { "score": 1082.568423493239, "position": 85 },
  "NBJ": { "score": 654.1167824460614, "position": 106 },
  "BETON": { "score": 1723.2553183107466, "position": 64 },
  "E": { "score": 2325.1126672247206, "position": 52 },
  "24HS": { "score": 1816.259777963128, "position": 61 },
  "42": { "score": 585.0933278301484, "position": 116 },
  "ASTRO": { "score": 574.7939420843403, "position": 118 },
  "DAMN!": { "score": 1517.3294233979718, "position": 71 },
  "CSH": { "score": 564.9035440889995, "position": 119 },
  "GDNL": { "score": 1955.2564042768006, "position": 59 },
  "ATESH": { "score": 555.9644949022764, "position": 121 },
  "EMO": { "score": 884.3402543328829, "position": 94 },
  "V2": { "score": 820.8919889819722, "position": 97 },
  "VIDIN": { "score": 610.6395336621364, "position": 114 },
  "IH82P": { "score": 2476.7018266427012, "position": 50 },
  "GHOST": { "score": 625.6394766131294, "position": 110 },
  "JORB": { "score": 628.2732065754196, "position": 109 },
  "FRTAS": { "score": 402.2899247584522, "position": 136 },
  "LOST": { "score": 400.2738254935234, "position": 137 },
  "RHCN": { "score": 396.7128093736061, "position": 138 },
  "GLUKE": { "score": 498.43475479676965, "position": 128 },
  "GEGE": { "score": 389.67909715568305, "position": 139 },
  "ZAZA": { "score": 907.3096247742499, "position": 91 },
  "MONKE": { "score": 368.96142206299066, "position": 144 },
  "TRZ": { "score": 966.1441808743942, "position": 88 },
  "PNGS": { "score": 482.794710050384, "position": 131 },
  "GURDY": { "score": 860.45323490797, "position": 96 },
  "TRM": { "score": 584.6636198792902, "position": 117 },
  "G": { "score": 515.7182201053436, "position": 124 },
  "POSTY": { "score": 957.8531770245313, "position": 89 },
  "PROX": { "score": 507.19009169365444, "position": 125 },
  "BBS": { "score": 665.5467238643972, "position": 105 },
  "LOLER": { "score": 497.4880077422347, "position": 129 },
  "SALAA": { "score": 1037.9443953871717, "position": 86 },
  "HTT": { "score": 711.9389096610918, "position": 102 },
  "LZ": { "score": 313.0123545940636, "position": 149 },
  "ID": { "score": 588.3514356843118, "position": 115 },
  "EDGE": { "score": 535.5425661926427, "position": 123 },
  "MEDAL": { "score": 1319.615158261886, "position": 79 },
  "GD": { "score": 904.3996212839455, "position": 92 },
  "ETB": { "score": 640.5894498462318, "position": 107 },
  "FULEX": { "score": 1187.214176682918, "position": 82 },
  "MLCC": { "score": 279.93828817009444, "position": 151 },
  "YAGA": { "score": 615.1975967860113, "position": 113 },
  "TCC": { "score": 380.88997559274986, "position": 141 },
  "MIKU": { "score": 273.8436835077371, "position": 153 },
  "RIOT": { "score": 547.6873670154743, "position": 122 },
  "CSLG": { "score": 265.9794818308093, "position": 154 },
  "MOB": { "score": 629.8550512343807, "position": 108 },
  "JFREE": { "score": 379.03237191292374, "position": 142 },
  "FELLAS": { "score": 563.441211137973, "position": 120 },